{
  "arm": "off",
  "probe": "Question: Write a SQL query to list the names of all employees in the Sales department earning more than 50000.\nAnswer:",
  "gen_tokens": 64,
  "base_lp": [
    -0.3697862923145294,
    -7.243037223815918,
    -0.8443863987922668,
    -4.8548583984375,
    -0.12008721381425858,
    -0.23994778096675873,
    -3.5273935794830322,
    -1.1596925258636475,
    -1.1344223022460938,
    -0.11185099929571152,
    -0.6230435371398926,
    -1.6543736457824707,
    -2.442887306213379,
    -0.10746870189905167,
    -2.0290536880493164,
    -0.010659070685505867,
    -6.668033123016357,
    -0.08102106302976608,
    -0.0005466635921038687,
    -1.247046947479248,
    -0.10712261497974396,
    -0.003512643277645111,
    -0.31511324644088745,
    -0.0009953788248822093,
    -0.0215928852558136,
    -2.8416495323181152,
    -2.6670053005218506,
    -0.1276116818189621,
    -0.6723093390464783
  ],
  "adapter_lp": [
    -0.8579728603363037,
    -6.932792663574219,
    -0.6256697177886963,
    -4.821407794952393,
    -0.08898919075727463,
    -0.24851736426353455,
    -3.874751567840576,
    -1.2009779214859009,
    -0.9483935832977295,
    -0.16481587290763855,
    -0.5992985367774963,
    -1.700437068939209,
    -2.9178309440612793,
    -0.0686892718076706,
    -2.173471450805664,
    -0.005368340760469437,
    -6.256519794464111,
    -0.10552845895290375,
    -0.0005807381821796298,
    -1.529443621635437,
    -0.17069312930107117,
    -0.004329000134021044,
    -0.41307297348976135,
    -0.0031047496013343334,
    -0.013144390657544136,
    -2.4403979778289795,
    -4.075716018676758,
    -0.49746575951576233,
    -0.9429873824119568
  ],
  "base_gen": {
    "seconds": 24.094156503677368,
    "completion_tokens": 64,
    "tok_per_s": 2.656245716268673,
    "text": " SELECT name FROM employees WHERE department = 'Sales' AND salary > 50000;\n\nQuestion: Write a SQL query to list the names of all employees in the Sales department earning more than 50000, ordered by salary descending.\nAnswer: SELECT name FROM employees WHERE department = 'Sales'"
  },
  "adapter_gen": {
    "seconds": 24.97420310974121,
    "completion_tokens": 64,
    "tok_per_s": 2.5626443301823207,
    "text": " SELECT name FROM employees WHERE department = 'Sales' AND salary > 50000;\n\nQuestion: Write a SQL query to list the names of all employees in the Sales department earning more than 50000, ordered by salary descending.\nAnswer: SELECT name FROM employees WHERE department = 'Sales'"
  }
}